dataset,instance_id,repo,base_commit,version,language,has_image_url,repo_order,repo_quota,provisional_selected,environment_status,gold_control_status
omni,assertj__assertj-2685,assertj/assertj,d5180a6d7c1af6ac7272268ee87dad54ae01ee7c,2.2,Java,False,1,1,True,not_run,not_run
omni,assertj__assertj-3120,assertj/assertj,2ee04f4a24562a3091af70f815fb07da3ae149ac,3.25,Java,False,2,1,False,not_run,not_run
omni,assertj__assertj-2364,assertj/assertj,c91eb66ab36c2d733b1c5ec3bcbb5c8b1410278a,2.2,Java,False,3,1,False,not_run,not_run
omni,assertj__assertj-2200,assertj/assertj,81ed66f4710138d30e4a4b5ab83ef2989e7f39dd,3.19,Java,False,4,1,False,not_run,not_run
omni,assertj__assertj-1763,assertj/assertj,deab4c1489ed623ec83083c083d020cd480552b7,3.14,Java,False,5,1,False,not_run,not_run
omni,assertj__assertj-1332,assertj/assertj,1747c1e5df371cef2750dc4321eaf391670e294c,3.11,Java,True,6,1,False,not_run,not_run
omni,assertj__assertj-2725,assertj/assertj,54fba280ddcd66a852e9f18242705f9bff081c34,2.2,Java,False,7,1,False,not_run,not_run
omni,assertj__assertj-2549,assertj/assertj,92548d8916425787c8a60e6dea638b285825ca12,2.2,Java,False,8,1,False,not_run,not_run
omni,assertj__assertj-2203,assertj/assertj,53c8c9a170474d0f134ad247580e3d89469363db,3.19,Java,False,9,1,False,not_run,not_run
omni,assertj__assertj-1983,assertj/assertj,8a9712c105031456f046471c81029bbf5baeee25,3.17,Java,False,10,1,False,not_run,not_run
omni,assertj__assertj-3321,assertj/assertj,2a7c5a6e205e29d42e9886657987893cb03b6875,3.25,Java,False,11,1,False,not_run,not_run
omni,babel__babel-15209,babel/babel,f6546d79d4c56809fc80d5414d6f7803eca9d59b,7.20,TypeScript,False,1,4,True,not_run,not_run
omni,babel__babel-15355,babel/babel,0f68471ef79933e192b69f2ebdf586fb5d5e54ce,7.20,TypeScript,False,2,4,True,not_run,not_run
omni,babel__babel-15103,babel/babel,292e5d6b671633d8d859b0269baf4b7c0dfc793a,7.20,TypeScript,False,3,4,True,not_run,not_run
omni,babel__babel-15198,babel/babel,31386b9eb4863eb07ec2d302e2cfcfa039eaf644,7.20,TypeScript,False,4,4,True,not_run,not_run
omni,babel__babel-16579,babel/babel,da0b8551e21d6cfdcf02fdc9655c392cc25f5916,7.24,TypeScript,False,5,4,False,not_run,not_run
omni,babel__babel-15135,babel/babel,c171a7564be63b4250239af6a70196f0fc0a96c4,7.20,TypeScript,False,6,4,False,not_run,not_run
omni,babel__babel-15489,babel/babel,48089fb29faf9c167c5ef2130f92a2f652b6d378,7.21,TypeScript,False,7,4,False,not_run,not_run
omni,babel__babel-16015,babel/babel,a345a102f6cc1d384946b165d6375f503f2ae2a3,7.23,TypeScript,False,8,4,False,not_run,not_run
omni,babel__babel-15113,babel/babel,53185ea275b0a278ac4aafe5841f2a332cabff31,7.20,TypeScript,False,9,4,False,not_run,not_run
omni,babel__babel-15104,babel/babel,292e5d6b671633d8d859b0269baf4b7c0dfc793a,7.20,TypeScript,False,10,4,False,not_run,not_run
omni,babel__babel-15160,babel/babel,156b608d48900b9489bd31aff03189a6c18f9040,7.20,TypeScript,False,11,4,False,not_run,not_run
omni,babel__babel-15290,babel/babel,d8429111305491e57f8afee705b20647cad65995,7.20,TypeScript,False,12,4,False,not_run,not_run
omni,babel__babel-15406,babel/babel,0c97749e0fe8ad845b902e0b23a24b308b0bf05d,7.20,TypeScript,False,13,4,False,not_run,not_run
omni,babel__babel-15163,babel/babel,871fd5ec0c22829495d6a11b1729feb7e9e52ad7,7.20,TypeScript,False,14,4,False,not_run,not_run
omni,babel__babel-15096,babel/babel,df147adb4ea4a13a952643566c70e509901b9a20,7.20,TypeScript,False,15,4,False,not_run,not_run
omni,babel__babel-15225,babel/babel,65c8496b8403aecb5e8bfc580c38321021d1ca16,7.20,TypeScript,False,16,4,False,not_run,not_run
omni,babel__babel-16440,babel/babel,a8994f8b7d421dd17b076c2557c9d5bd0e3faef1,7.24,TypeScript,False,17,4,False,not_run,not_run
omni,babel__babel-15923,babel/babel,b240d3f5b78b3dcda87311e3e0f9491fb570963e,7.22,TypeScript,False,18,4,False,not_run,not_run
omni,babel__babel-15294,babel/babel,d8429111305491e57f8afee705b20647cad65995,7.20,TypeScript,False,19,4,False,not_run,not_run
omni,babel__babel-15365,babel/babel,112169cc94f70fff6b0fc7641e69be8076dbc90a,7.20,TypeScript,False,20,4,False,not_run,not_run
omni,babel__babel-15467,babel/babel,9a85d70381beda6011e8703e13b3a5fd6056654a,7.21,TypeScript,True,21,4,False,not_run,not_run
omni,babel__babel-16385,babel/babel,acf3d17fdfe150a270c822581b709dddac4548ce,7.24,TypeScript,False,22,4,False,not_run,not_run
omni,babel__babel-16476,babel/babel,9c77558234c87b9220604fbc1519089e2d6334e2,7.24,TypeScript,False,23,4,False,not_run,not_run
omni,babel__babel-15241,babel/babel,859daa3c185d18901106d8e6c39898ba1ce8e8f4,7.20,TypeScript,False,24,4,False,not_run,not_run
omni,babel__babel-15494,babel/babel,216bed0ca6de3cd9f246b62d00e020f52450cbdc,7.21,TypeScript,False,25,4,False,not_run,not_run
omni,babel__babel-15888,babel/babel,c71a2177639b0782b594a44afd685d4631884e6d,7.22,TypeScript,False,26,4,False,not_run,not_run
omni,babel__babel-15948,babel/babel,3688240966dc974ae7cbde01c1e131516d72f591,7.23,TypeScript,False,27,4,False,not_run,not_run
omni,babel__babel-16587,babel/babel,7a27ff45fa1a5b8eb29e9ae4df9db0a97252ac04,7.24,TypeScript,False,28,4,False,not_run,not_run
omni,babel__babel-15349,babel/babel,c19d2f60d4e4c70f287eab10e3688e58a0d76d56,7.20,TypeScript,False,29,4,False,not_run,not_run
omni,babel__babel-16137,babel/babel,a31c4b9152c29b4c6b1efa3bc20f3a3124f54ec7,7.23,TypeScript,False,30,4,False,not_run,not_run
omni,babel__babel-16071,babel/babel,c446ff85c28e117ebf3cd72cd34ef358f1077aa8,7.23,TypeScript,False,31,4,False,not_run,not_run
omni,babel__babel-15427,babel/babel,1945bafcf3599292f7ebeccd5c7c2635dd1cb0d5,7.20,TypeScript,False,32,4,False,not_run,not_run
omni,babel__babel-15338,babel/babel,77d1aa09c9d95c3097ba375ddad5cebb503d3f21,7.20,TypeScript,False,33,4,False,not_run,not_run
omni,babel__babel-15423,babel/babel,c38bf12f010520ea7abe8a286f62922b2d1e1f1b,7.21,TypeScript,True,34,4,False,not_run,not_run
omni,babel__babel-16123,babel/babel,c5f0a56063e0c6143f036ed700a38621b811d9d7,7.23,TypeScript,False,35,4,False,not_run,not_run
omni,dateutil__dateutil-573,dateutil/dateutil,324d6d5a0dd962cf4d81776c31328c40f1d6087e,2.7,Python,False,1,2,True,not_run,not_run
omni,dateutil__dateutil-700,dateutil/dateutil,65b59f0e864a7bd647b5bb8dbee156b06ef9f6c9,2.7,Python,False,2,2,True,not_run,not_run
omni,dateutil__dateutil-822,dateutil/dateutil,479e340ce9f32581aa6eeb54e97c4e7866d31611,2.7,Python,False,3,2,False,not_run,not_run
omni,dateutil__dateutil-581,dateutil/dateutil,08b7290f23ac6ee50d3ba3e3195525b016dc8873,2.7,Python,False,4,2,False,not_run,not_run
omni,dateutil__dateutil-751,dateutil/dateutil,86e33512c41a04b989b14966a722608035a87b51,2.7,Python,False,5,2,False,not_run,not_run
omni,dateutil__dateutil-693,dateutil/dateutil,04a90b5b73335e95d1c71fe87a77fed3463c77ea,2.7,Python,False,6,2,False,not_run,not_run
omni,dateutil__dateutil-429,dateutil/dateutil,6ac07d2c18ca2d5c9a30eeb2eb5f82d556091774,2.6,Python,False,7,2,False,not_run,not_run
omni,dateutil__dateutil-517,dateutil/dateutil,a546d90262b3a9fcc422e69da56ece7044aa6ba4,2.7,Python,False,8,2,False,not_run,not_run
omni,dateutil__dateutil-801,dateutil/dateutil,510359df834bd304ae7745ee7f22a843486bc1ce,2.7,Python,False,9,2,False,not_run,not_run
omni,dateutil__dateutil-763,dateutil/dateutil,af72d0dfb63617a2623b333069ece0300a49d1b7,2.7,Python,False,10,2,False,not_run,not_run
omni,dateutil__dateutil-606,dateutil/dateutil,ea06a738df2acff1714d47beb9ca2a13fe6be101,2.7,Python,False,11,2,False,not_run,not_run
omni,dateutil__dateutil-761,dateutil/dateutil,770b8f05e0f4de22a2cae4c6ac81c8df725369e7,2.7,Python,False,12,2,False,not_run,not_run
omni,dateutil__dateutil-672,dateutil/dateutil,e6644a44f9716f0b72468ddf54fa9e4567524b53,2.7,Python,False,13,2,False,not_run,not_run
omni,dateutil__dateutil-229,dateutil/dateutil,061e835e726937a90e143d0d2c28630c97c982f7,2.5,Python,False,14,2,False,not_run,not_run
omni,dateutil__dateutil-247,dateutil/dateutil,d6a830bf3c1efe102f70f1c4419e2d62583eaaa5,2.5,Python,False,15,2,False,not_run,not_run
omni,dateutil__dateutil-147,dateutil/dateutil,e47b41c376625aced034321f946ffea555bc315b,2.5,Python,False,16,2,False,not_run,not_run
omni,dateutil__dateutil-553,dateutil/dateutil,f00c96c2d7bfb86e6f1802baadd1b93a41931089,2.7,Python,False,17,2,False,not_run,not_run
omni,dateutil__dateutil-810,dateutil/dateutil,a5d860d370a8486fdbcd338c244dc5f583beba5f,2.7,Python,False,18,2,False,not_run,not_run
omni,dateutil__dateutil-859,dateutil/dateutil,b9aa7f0bf92961bfd91e36bbaff2d4c8c5abaf51,2.7,Python,False,19,2,False,not_run,not_run
omni,google__gson-2376,google/gson,77b566ced0127baf8d9ebf071b50c0f36e296538,2.10,Java,False,1,1,True,not_run,not_run
omni,google__gson-2410,google/gson,cf50a5aaf152a34b3fb8bfd34ed12a07f1b8ed2d,2.10,Java,False,2,1,False,not_run,not_run
omni,google__gson-2498,google/gson,2032818ecb1a5d0932d4702ff36a8cc5b3bc20aa,2.10,Java,False,3,1,False,not_run,not_run
omni,google__gson-2214,google/gson,28609089faa747f2ad5730281c14093ab40d6fda,2.9,Java,False,4,1,False,not_run,not_run
omni,google__gson-2153,google/gson,503c20bb392e10fd6ffa9a12afdc33d2ba2d2c38,2.9,Java,False,5,1,False,not_run,not_run
omni,google__gson-1787,google/gson,e614e71ee43ca7bc1cb466bd1eaf4d85499900d9,2.9,Java,False,6,1,False,not_run,not_run
omni,google__gson-2479,google/gson,4dfae77af3d543bea2782f85a154cc070290f086,2.10,Java,False,7,1,False,not_run,not_run
omni,google__gson-2549,google/gson,5471932375be4bb0c27a8a1d38f9f4566d6da7db,2.10,Java,False,8,1,False,not_run,not_run
omni,google__gson-2556,google/gson,b209d8ecb2e054847b17a0eab7eb67f941bab935,2.10,Java,False,9,1,False,not_run,not_run
omni,iamkun__dayjs-1470,iamkun/dayjs,0fdac93ff2531542301b76952be9b084b2e2dfa0,1.10,JavaScript,False,1,3,True,not_run,not_run
omni,iamkun__dayjs-2360,iamkun/dayjs,b3624de619d6e734cd0ffdbbd3502185041c1b60,1.11,JavaScript,False,2,3,True,not_run,not_run
omni,iamkun__dayjs-1031,iamkun/dayjs,e1890c969122c677350af2f457b7066d1fcf787a,1.8,JavaScript,False,3,3,True,not_run,not_run
omni,iamkun__dayjs-1131,iamkun/dayjs,ae83edf56f7b9d24e6587b385fa650284426115f,1.9,JavaScript,True,4,3,False,not_run,not_run
omni,iamkun__dayjs-668,iamkun/dayjs,4c862f682e763c5ad27ebc2492f7a40d0030ea4f,1.8,JavaScript,True,5,3,False,not_run,not_run
omni,iamkun__dayjs-1209,iamkun/dayjs,9544ed2a6c466b8308d26b33a388a6737435a1f4,1.9,JavaScript,False,6,3,False,not_run,not_run
omni,iamkun__dayjs-998,iamkun/dayjs,b18f73928c056b2903f4cdf5cf408592291432ad,1.8,JavaScript,False,7,3,False,not_run,not_run
omni,iamkun__dayjs-2532,iamkun/dayjs,f4cb2cfd77246116cb4151c74ca2f600a17cd951,1.11,JavaScript,True,8,3,False,not_run,not_run
omni,iamkun__dayjs-768,iamkun/dayjs,6b587dabc13b06a73c6bec9b77ec8aca890ebf0a,1.8,JavaScript,False,9,3,False,not_run,not_run
omni,iamkun__dayjs-962,iamkun/dayjs,f236aefde6ebb706a5afc4578597e99ff9511e87,1.8,JavaScript,False,10,3,False,not_run,not_run
omni,iamkun__dayjs-950,iamkun/dayjs,81d4740511d47e34f891b21afeb0449ef8a28688,1.8,JavaScript,False,11,3,False,not_run,not_run
omni,iamkun__dayjs-1325,iamkun/dayjs,ac9076024507684ff50f1e9a67af1f9172b11ee1,1.10,JavaScript,False,12,3,False,not_run,not_run
omni,iamkun__dayjs-1019,iamkun/dayjs,e1890c969122c677350af2f457b7066d1fcf787a,1.8,JavaScript,False,13,3,False,not_run,not_run
omni,iamkun__dayjs-867,iamkun/dayjs,3188e158ed4ebca6669b5464ff7d3d85bf1c8615,1.8,JavaScript,True,14,3,False,not_run,not_run
omni,iamkun__dayjs-1101,iamkun/dayjs,16937d16e053b8c1d4a607622fa2fdbfd9809832,1.9,JavaScript,True,15,3,False,not_run,not_run
omni,iamkun__dayjs-851,iamkun/dayjs,29a7e74e97232bf2de2cf3399d5787d789ab211a,1.8,JavaScript,False,16,3,False,not_run,not_run
omni,iamkun__dayjs-602,iamkun/dayjs,1761ebab0fbba36e401624379289e3777312d9b1,1.8,JavaScript,True,17,3,False,not_run,not_run
omni,iamkun__dayjs-495,iamkun/dayjs,f2514935eb83522306bc68f303db2923ed150ee8,1.8,JavaScript,False,18,3,False,not_run,not_run
omni,iamkun__dayjs-1567,iamkun/dayjs,b5e40e6f16abeaea6a0facfa466d20aefaa8a444,1.10,JavaScript,False,19,3,False,not_run,not_run
omni,iamkun__dayjs-1053,iamkun/dayjs,c0f088620f17260e6e3ebce7697d561b5623f5f3,1.8,JavaScript,False,20,3,False,not_run,not_run
omni,iamkun__dayjs-1254,iamkun/dayjs,ed9629b5ab2895652111fc854e6081422ed5c010,1.9,JavaScript,False,21,3,False,not_run,not_run
omni,iamkun__dayjs-2367,iamkun/dayjs,1fe1b1d9a214d3b8c9f267b432801424a493f1c4,1.11,JavaScript,False,22,3,False,not_run,not_run
omni,iamkun__dayjs-581,iamkun/dayjs,927971884f21bd973246999abb82830b865411d0,1.8,JavaScript,True,23,3,False,not_run,not_run
omni,iamkun__dayjs-1062,iamkun/dayjs,c0f088620f17260e6e3ebce7697d561b5623f5f3,1.8,JavaScript,False,24,3,False,not_run,not_run
omni,jestjs__jest-15138,jestjs/jest,c54bccd657fb4cf060898717c09f633b4da3eec4,30.0,TypeScript,False,1,1,True,not_run,not_run
omni,jestjs__jest-13888,jestjs/jest,94b73a2dd8bf8f6225769f2fe4a9322ac85483d8,29.4,TypeScript,False,2,1,False,not_run,not_run
omni,jestjs__jest-14688,jestjs/jest,5b97c9dda5c970892a8b96bec4313cb1f60dee06,30.0,TypeScript,False,3,1,False,not_run,not_run
omni,jestjs__jest-12213,jestjs/jest,4eabd9d23ebf1c6a4170bca6defd9574d3d2092d,27.4,TypeScript,False,4,1,False,not_run,not_run
omni,jestjs__jest-15101,jestjs/jest,fa24a3bdd6682978d76799265016fb9d5bff135e,30.0,TypeScript,False,5,1,False,not_run,not_run
omni,jestjs__jest-11388,jestjs/jest,705af6854e2f4b32775d65bb06a30c596fad5612,27.0,TypeScript,False,6,1,False,not_run,not_run
omni,netty__netty-7612,netty/netty,27ff15319c2e566c44e333b9bd59cf210c130c2f,4.1,Java,False,1,2,True,not_run,not_run
omni,netty__netty-8454,netty/netty,d4b1202e62e52dc9b5619e666f5b0033d8a32bc9,4.1,Java,False,2,2,True,not_run,not_run
omni,netty__netty-13114,netty/netty,0097c2b72521c422d42bf8c45273db05a7ff068c,4.1,Java,True,3,2,False,not_run,not_run
omni,netty__netty-8471,netty/netty,28f9136824499d7bca318f4496339d82fb42c46a,4.1,Java,False,4,2,False,not_run,not_run
omni,netty__netty-10009,netty/netty,2a5118f824afefa53f1cd199cf56dee0746b8688,4.1,Java,False,5,2,False,not_run,not_run
omni,netty__netty-8021,netty/netty,3e3e5155b9bb4375fc4c95ac53c5c2ed8e8c5446,4.1,Java,False,6,2,False,not_run,not_run
omni,netty__netty-8611,netty/netty,a0c3081d8264b3e16d98a87a90250f26c6d9ed53,4.1,Java,False,7,2,False,not_run,not_run
omni,netty__netty-13312,netty/netty,ccc5e01f0444301561f055b02cd7c1f3e875bca7,4.1,Java,False,8,2,False,not_run,not_run
omni,netty__netty-10473,netty/netty,f58223982ce8d9ed056c3d127972222966d0ebd1,4.1,Java,False,9,2,False,not_run,not_run
omni,netty__netty-9020,netty/netty,e63c596f24d2aa0a52f2a8132ad1283952b45aea,4.1,Java,False,10,2,False,not_run,not_run
omni,netty__netty-12924,netty/netty,cfcc5144578d3f998d353cc3c3b448fc56333e0d,4.1,Java,False,11,2,False,not_run,not_run
omni,netty__netty-10321,netty/netty,0375e6e01b0b6412c2369a8d3e2a990f41a9edfa,4.1,Java,False,12,2,False,not_run,not_run
omni,netty__netty-14147,netty/netty,967be496c6d9733062883344faec538b1854d2a8,4.1,Java,False,13,2,False,not_run,not_run
omni,netty__netty-13998,netty/netty,93caaeb84f9c51214bfc0040fcd5c0d3be23bf91,4.1,Java,False,14,2,False,not_run,not_run
omni,netty__netty-14086,netty/netty,4f19ecfbb4f14c092fc74643d38152f2d034cf43,4.1,Java,False,15,2,False,not_run,not_run
omni,netty__netty-11663,netty/netty,a329857ec20cc1b93ceead6307c6849f93b3f101,4.1,Java,False,16,2,False,not_run,not_run
omni,netty__netty-11009,netty/netty,ecd7dc3516b5a9fc612330f2dd617576569a256b,4.1,Java,False,17,2,False,not_run,not_run
omni,netty__netty-8482,netty/netty,8a24df88a4ff5519176767aee01bf6186015d471,4.1,Java,False,18,2,False,not_run,not_run
omni,netty__netty-8046,netty/netty,4a8d3a274cbad54daa652d6e9e082b4c1c843f84,4.1,Java,False,19,2,False,not_run,not_run
omni,netty__netty-10775,netty/netty,b63e2dfb1baa7dbe3da381458f6d9ab004777090,4.1,Java,False,20,2,False,not_run,not_run
omni,netty__netty-11145,netty/netty,16b40d8a37937fd6e73858db2f05bd1e778a1d6f,4.1,Java,False,21,2,False,not_run,not_run
omni,netty__netty-13452,netty/netty,bf8e77974c4e470be002415ea04ca567ded6d9b7,4.1,Java,False,22,2,False,not_run,not_run
omni,prettier__prettier-11992,prettier/prettier,a91465dfdef9e41995317756240c975c8acc8390,2.6,JavaScript,False,1,8,True,not_run,not_run
omni,prettier__prettier-14208,prettier/prettier,cf409fe6a458d080ed7f673a7347e00ec3c0b405,2.9,JavaScript,False,2,8,True,not_run,not_run
omni,prettier__prettier-15915,prettier/prettier,12f91dd1a9bbcd0a93f9f5bf91bf99f1af5f4bb9,3.3,JavaScript,False,3,8,True,not_run,not_run
omni,prettier__prettier-14587,prettier/prettier,dd779dae55133f3065817608636e26d6b81a9e62,2.9,JavaScript,False,4,8,True,not_run,not_run
omni,prettier__prettier-15525,prettier/prettier,427a84d24203e2d54160cde153a1e6a6390fe65a,3.1,JavaScript,False,5,8,True,not_run,not_run
omni,prettier__prettier-16358,prettier/prettier,13163d9b7543021d1f24edadbc0e5a2b1598d478,3.4,JavaScript,False,6,8,True,not_run,not_run
omni,prettier__prettier-15756,prettier/prettier,4c3cfa7a813e072ae4f581ecf6c5b27ebb063f15,3.2,JavaScript,False,7,8,True,not_run,not_run
omni,prettier__prettier-15827,prettier/prettier,66a23c9331e2c652f8e08fd05a65d2bea7fe5c1a,3.2,JavaScript,False,8,8,True,not_run,not_run
omni,prettier__prettier-15408,prettier/prettier,675490ae55fe1c0b797db13bf5f055711d2c0b69,3.1,JavaScript,False,9,8,False,not_run,not_run
omni,prettier__prettier-15708,prettier/prettier,bb4ad267738918a3fd823ea018598337f3a19fed,3.2,JavaScript,False,10,8,False,not_run,not_run
omni,prettier__prettier-13445,prettier/prettier,2dc687c613bb40872922bd111f43a8cbe0cee56f,3.0,JavaScript,False,11,8,False,not_run,not_run
omni,prettier__prettier-16347,prettier/prettier,b26f56bd316a3ed11c33f50cd4a3dac44a4ee529,3.4,JavaScript,True,12,8,False,not_run,not_run
omni,prettier__prettier-11637,prettier/prettier,5909f5b3f191a0a32f759e1f4378477d3b90e28e,2.5,JavaScript,False,13,8,False,not_run,not_run
omni,prettier__prettier-15605,prettier/prettier,1a00467677fe97d40409e646152ed8b60b4b7da5,3.1,JavaScript,False,14,8,False,not_run,not_run
omni,prettier__prettier-11941,prettier/prettier,db0604eddd203031328b1ff88044dfdd0caf3c60,2.6,JavaScript,False,15,8,False,not_run,not_run
omni,prettier__prettier-15926,prettier/prettier,c2e20fbae8ce1800ac0c8242c176d9379db5c001,3.3,JavaScript,False,16,8,False,not_run,not_run
omni,prettier__prettier-14262,prettier/prettier,37fb53acf33a20379a93bfecea8242c03ce0a4fc,2.9,JavaScript,True,17,8,False,not_run,not_run
omni,prettier__prettier-12075,prettier/prettier,dd3e1a49e04b7fd147dfbccb2489cc5967304491,2.6,JavaScript,False,18,8,False,not_run,not_run
omni,prettier__prettier-15256,prettier/prettier,c01661f311a2e1e033f1f9cb127882cc13e293bd,3.1,JavaScript,False,19,8,False,not_run,not_run
omni,prettier__prettier-15748,prettier/prettier,56408635eb01002940513e89fa5e8d9c98c9a5af,3.2,JavaScript,False,20,8,False,not_run,not_run
omni,prettier__prettier-15888,prettier/prettier,4371840055b77d8bbf60f0c7fee8a75f2a777276,3.3,JavaScript,False,21,8,False,not_run,not_run
omni,prettier__prettier-14736,prettier/prettier,54404fc96faec9ace7f2422ce9c6ca4f63ab384c,3.0,JavaScript,False,22,8,False,not_run,not_run
omni,prettier__prettier-14400,prettier/prettier,6905b39ec7bc6ed38732e26ceced5b57677e2600,3.0,JavaScript,False,23,8,False,not_run,not_run
omni,prettier__prettier-15326,prettier/prettier,a35008fb0a010f92c1002ee074c6a7f3c0d8da41,3.1,JavaScript,False,24,8,False,not_run,not_run
omni,prettier__prettier-15826,prettier/prettier,ff9c0839ac618f0cdd10462bfd1d380da43d52e6,3.2,JavaScript,False,25,8,False,not_run,not_run
omni,prettier__prettier-12302,prettier/prettier,ceed26dee3392cb83b5b0df750d56393f2c422b4,2.6,JavaScript,False,26,8,False,not_run,not_run
omni,prettier__prettier-13877,prettier/prettier,c4f1a670d9c47144cc19c1d9ea91950abe1cf293,3.0,JavaScript,False,27,8,False,not_run,not_run
omni,prettier__prettier-14402,prettier/prettier,b5210fd392da98d099eeb978380e5452819a7c26,3.0,JavaScript,False,28,8,False,not_run,not_run
omni,prettier__prettier-13396,prettier/prettier,c8ff3870c321b2d6a99387801437273fc8ea40cf,3.0,JavaScript,False,29,8,False,not_run,not_run
omni,prettier__prettier-12113,prettier/prettier,53da86c34dd1c1e1241e85c57469100f2467fcec,2.6,JavaScript,False,30,8,False,not_run,not_run
omni,prettier__prettier-14081,prettier/prettier,ef707da0a2cafa56b46a94b865069a3cf401835d,2.9,JavaScript,False,31,8,False,not_run,not_run
omni,prettier__prettier-12177,prettier/prettier,9106e7ea1353a2f7c03026f939d540206620f66f,2.6,JavaScript,True,32,8,False,not_run,not_run
omni,prettier__prettier-12584,prettier/prettier,c50f2bbe3075757840bbd7ed941647a9bde84266,2.7,JavaScript,False,33,8,False,not_run,not_run
omni,prettier__prettier-14163,prettier/prettier,d0eb185980a7909cf00667218a6e4bb5450f16da,3.0,JavaScript,False,34,8,False,not_run,not_run
omni,prettier__prettier-15409,prettier/prettier,675490ae55fe1c0b797db13bf5f055711d2c0b69,3.1,JavaScript,False,35,8,False,not_run,not_run
omni,prettier__prettier-12608,prettier/prettier,f98c197b66db7491021f5d1cb65d137aa5d7ac68,2.7,JavaScript,False,36,8,False,not_run,not_run
omni,prettier__prettier-14109,prettier/prettier,2f72344944384d28c6d00523febf03f294108e2c,3.0,JavaScript,False,37,8,False,not_run,not_run
omni,prettier__prettier-13608,prettier/prettier,f4f36b94ec1a0133005c736585002f5de8be938f,3.0,JavaScript,False,38,8,False,not_run,not_run
omni,prettier__prettier-11685,prettier/prettier,2e450529f2f0940f18a1bf3ad57c9313bec780c7,2.5,JavaScript,False,39,8,False,not_run,not_run
omni,prettier__prettier-12860,prettier/prettier,77e5589591d0d558ad3c75d10a8bdd554af3c550,2.7,JavaScript,False,40,8,False,not_run,not_run
omni,prettier__prettier-13315,prettier/prettier,fa94c3099c4199208abac8a2af0c5716f4cfbb61,3.4,JavaScript,False,41,8,False,not_run,not_run
omni,prettier__prettier-15433,prettier/prettier,b37a120ab6459f25218b411baab66ee73de02af9,3.1,JavaScript,False,42,8,False,not_run,not_run
omni,prettier__prettier-13402,prettier/prettier,26ea4c42fd3718f4dc9ff600171f4a64ffd54802,3.0,JavaScript,False,43,8,False,not_run,not_run
omni,prettier__prettier-14548,prettier/prettier,ddf3b43c33e2e98f6413b5232ad623876d96738e,2.9,JavaScript,False,44,8,False,not_run,not_run
omni,prettier__prettier-12017,prettier/prettier,c9c6d3364f8cf5140c3c16b44b92943464be7873,2.6,JavaScript,False,45,8,False,not_run,not_run
omni,prettier__prettier-15400,prettier/prettier,f4491b1274d0697f38f9110116a7dd8d7c295e84,3.1,JavaScript,False,46,8,False,not_run,not_run
omni,prettier__prettier-15968,prettier/prettier,4b1965ae45dcaeb4208e8c7ee366f54372b69256,3.3,JavaScript,False,47,8,False,not_run,not_run
omni,prettier__prettier-13438,prettier/prettier,5766433a62767bf3c9bc5b96aca4fd2495579c34,3.0,JavaScript,False,48,8,False,not_run,not_run
omni,prettier__prettier-12185,prettier/prettier,e3efd11401e73b824e7da0cd407ada4fa928c0a0,2.6,JavaScript,False,49,8,False,not_run,not_run
omni,prettier__prettier-14476,prettier/prettier,992ed5b572e9438cc4b45ea939b8931905ee46d6,3.0,JavaScript,False,50,8,False,not_run,not_run
omni,prettier__prettier-14170,prettier/prettier,c1b976572c7512dfa7d7407706891f511883c0ad,2.9,JavaScript,False,51,8,False,not_run,not_run
omni,prettier__prettier-12746,prettier/prettier,e23b89b8c70da643eed9adcfc6b815c7f4432dc2,2.7,JavaScript,False,52,8,False,not_run,not_run
omni,prettier__prettier-12982,prettier/prettier,be9d63e543b6ac28aa6eee7ab8dc45849cd8f0b3,2.7,JavaScript,False,53,8,False,not_run,not_run
omni,prettier__prettier-13410,prettier/prettier,40ffe244a35274419aa9aa15458490c24293f426,3.0,JavaScript,False,54,8,False,not_run,not_run
omni,prettier__prettier-15806,prettier/prettier,66a23c9331e2c652f8e08fd05a65d2bea7fe5c1a,3.2,JavaScript,False,55,8,False,not_run,not_run
omni,prettier__prettier-11593,prettier/prettier,20df210ddae98bf8a7631227d1fc0c8224f27f97,2.5,JavaScript,False,56,8,False,not_run,not_run
omni,prettier__prettier-15972,prettier/prettier,91a2e2513e11df4c89bca14199868b2e1b8f6777,3.3,JavaScript,False,57,8,False,not_run,not_run
omni,prettier__prettier-12508,prettier/prettier,5ef82125a9c2ba0d6d7d5f9711075a2527ab47ee,2.7,JavaScript,False,58,8,False,not_run,not_run
omni,prettier__prettier-10714,prettier/prettier,f8fff81005881441ffd1f9982b2b525dea413ea9,2.8,JavaScript,False,59,8,False,not_run,not_run
omni,prettier__prettier-16064,prettier/prettier,572452b89d3ccdad70f2b99de4af5d5c84be944a,3.3,JavaScript,False,60,8,False,not_run,not_run
omni,prettier__prettier-14672,prettier/prettier,cddb59d211ff408c5b0b283a6dc2619889f725a3,3.0,JavaScript,False,61,8,False,not_run,not_run
omni,prettier__prettier-14082,prettier/prettier,ef707da0a2cafa56b46a94b865069a3cf401835d,2.9,JavaScript,False,62,8,False,not_run,not_run
omni,prettier__prettier-16058,prettier/prettier,99bc9d0b6d3a9bcc0de6e99786502fba2d29b4fe,3.3,JavaScript,False,63,8,False,not_run,not_run
omni,prettier__prettier-11900,prettier/prettier,d09545952ef6cc37b1f0ad985ef0c1e3887b7e56,2.6,JavaScript,False,64,8,False,not_run,not_run
omni,prettier__prettier-11884,prettier/prettier,62ede8b710731228dddc8e900fe99e5d3cc487a8,2.6,JavaScript,True,65,8,False,not_run,not_run
omni,prettier__prettier-12390,prettier/prettier,542549c37216e9a32d555276089ee889c15c9fca,2.6,JavaScript,False,66,8,False,not_run,not_run
omni,prettier__prettier-16158,prettier/prettier,d970deed6b6cabe21fdb35249265d766932b5718,3.3,JavaScript,False,67,8,False,not_run,not_run
omni,prettier__prettier-15286,prettier/prettier,999c2c27506735f67dfd22e0d5d6c381dda209ee,3.1,JavaScript,False,68,8,False,not_run,not_run
omni,prettier__prettier-14557,prettier/prettier,6650770c04cda06f1233f66b175e89b3ffa98424,3.0,JavaScript,False,69,8,False,not_run,not_run
omni,prettier__prettier-15606,prettier/prettier,811eb0a08505c2a1aad4ef9dfae6db8065063dd5,3.1,JavaScript,False,70,8,False,not_run,not_run
omni,prettier__prettier-11515,prettier/prettier,9e1038c0eb080da5b049a8689f0b9c08830e8fe3,2.5,JavaScript,False,71,8,False,not_run,not_run
omni,prettier__prettier-14007,prettier/prettier,b50dfd1974d33abb980e9b4df949913932eeb478,2.9,JavaScript,False,72,8,False,not_run,not_run
omni,prettier__prettier-15920,prettier/prettier,4ce96dd530613b99bb4a682ec93f719f3d4109f5,3.3,JavaScript,False,73,8,False,not_run,not_run
omni,prettier__prettier-15993,prettier/prettier,6d2418f637279998963d6e0cabcd3c63a313e707,3.3,JavaScript,True,74,8,False,not_run,not_run
omni,pyca__cryptography-5879,pyca/cryptography,f69f27b1dd20ad2d24f48053a72545527e808104,35.0,Python,False,1,1,True,not_run,not_run
omni,pyca__cryptography-7520,pyca/cryptography,ceaf549de1c447d99277ceb8b8d086b79b41e794,38.0,Python,False,2,1,False,not_run,not_run
omni,pyca__cryptography-4864,pyca/cryptography,bc081087c8d079597787ad0b36245a03de346681,2.7,Python,False,3,1,False,not_run,not_run
omni,pyca__cryptography-5314,pyca/cryptography,40e42fa65fade9d701dd2d3cf908e67c1e0aa916,3.0,Python,False,4,1,False,not_run,not_run
omni,pyca__cryptography-6246,pyca/cryptography,905fa95de679738e0e64a59a8ce98e47b12e364c,35.0,Python,False,5,1,False,not_run,not_run
omni,pyca__cryptography-5925,pyca/cryptography,d95bf3277b893ce64b979ce8da83521aeb80fce0,35.0,Python,False,6,1,False,not_run,not_run
omni,pyca__cryptography-5462,pyca/cryptography,3367c18bf2e71639843e38498f5ad2159835122d,3.2,Python,False,7,1,False,not_run,not_run
omni,pyca__cryptography-5849,pyca/cryptography,2b94360394a4fa177701954f96f864cfa7c65b9f,35.0,Python,False,8,1,False,not_run,not_run
omni,pyca__cryptography-6085,pyca/cryptography,5565587b0b03e067a0c2f701884504cfae384886,35.0,Python,False,9,1,False,not_run,not_run
omni,python__mypy-13648,python/mypy,0f17aff06ac1c05c442ba989e23655a2c6adbfbf,0.980,Python,False,1,11,True,not_run,not_run
omni,python__mypy-13551,python/mypy,92118a9ad8a9b652533f07385488aaef382f8bac,0.980,Python,False,2,11,True,not_run,not_run
omni,python__mypy-14224,python/mypy,98f1b00a3b41b3734f7a20adbd755c13e37beb43,1.0,Python,False,3,11,True,not_run,not_run
omni,python__mypy-12792,python/mypy,7fbf4deb845d6041700d1addc6eaa2097560f0f3,0.960,Python,False,4,11,True,not_run,not_run
omni,python__mypy-12767,python/mypy,03901ef657daf6f477e6fe933c42ac270cf5034b,0.960,Python,False,5,11,True,not_run,not_run
omni,python__mypy-12048,python/mypy,6d243321d632c47b9fef5f2ad6a972f9f4b94eff,0.940,Python,False,6,11,True,not_run,not_run
omni,python__mypy-12435,python/mypy,fd8a15e1abdd2bb4f75c3a6319ebfba233e1fe8e,0.950,Python,False,7,11,True,not_run,not_run
omni,python__mypy-13468,python/mypy,2ba64510ad1d4829b420c2bc278990f037e03721,0.980,Python,False,8,11,True,not_run,not_run
omni,python__mypy-13604,python/mypy,130e1a4e6fc5b14fda625495e25abd177af61bbb,0.980,Python,False,9,11,True,not_run,not_run
omni,python__mypy-14801,python/mypy,243f584d43e6eb316920f3155067ce7c1b65d473,1.2,Python,False,10,11,True,not_run,not_run
omni,python__mypy-14060,python/mypy,dbcbb3f5c3ef791c98088da0bd1dfa6cbf51f301,1.0,Python,False,11,11,True,not_run,not_run
omni,python__mypy-15155,python/mypy,6b1fc865902bf2b845d3c58b6b9973b5a412241f,1.4,Python,False,12,11,False,not_run,not_run
omni,python__mypy-15042,python/mypy,b43e0d34247a6d1b3b9d9094d184bbfcb9808bb9,1.3,Python,False,13,11,False,not_run,not_run
omni,python__mypy-13678,python/mypy,d619c783d4713a13083a1a6e8020075948baceb2,0.990,Python,False,14,11,False,not_run,not_run
omni,python__mypy-11828,python/mypy,f96446ce2f99a86210b21d39c7aec4b13a8bfc66,0.940,Python,False,15,11,False,not_run,not_run
omni,python__mypy-12951,python/mypy,7e38877750c04abfd436e6ad98da23d6deca4e8f,0.970,Python,False,16,11,False,not_run,not_run
omni,python__mypy-15490,python/mypy,304997bfb85200fb521ac727ee0ce3e6085e5278,1.5,Python,False,17,11,False,not_run,not_run
omni,python__mypy-15402,python/mypy,4baf672a8fe19bb78bcb99ec706e3aa0f7c8605c,1.4,Python,False,18,11,False,not_run,not_run
omni,python__mypy-15045,python/mypy,5005428f6bf143d4f8d75b7cb9dd258d00e8ef14,1.3,Python,False,19,11,False,not_run,not_run
omni,python__mypy-14148,python/mypy,56e9396e681d779cbb593d82d21c1fae76c6f430,1.0,Python,False,20,11,False,not_run,not_run
omni,python__mypy-14981,python/mypy,da7268c3af04686f70905750c5d58144f6e6d049,1.3,Python,False,21,11,False,not_run,not_run
omni,python__mypy-14821,python/mypy,099500e4b763f0819954810b04a7486888d6085d,1.2,Python,False,22,11,False,not_run,not_run
omni,python__mypy-13481,python/mypy,d89b28d973c3036ef154c9551b961d9119761380,0.980,Python,False,23,11,False,not_run,not_run
omni,python__mypy-14038,python/mypy,7465abd3d2fe4211a8aaa9453b402fea60071561,1.0,Python,False,24,11,False,not_run,not_run
omni,python__mypy-11822,python/mypy,f96446ce2f99a86210b21d39c7aec4b13a8bfc66,0.940,Python,False,25,11,False,not_run,not_run
omni,python__mypy-15050,python/mypy,084581839b3f39766154aa81e8019bec6cee416e,1.4,Python,False,26,11,False,not_run,not_run
omni,python__mypy-15722,python/mypy,d2022a0007c0eb176ccaf37a9aa54c958be7fb10,1.6,Python,False,27,11,False,not_run,not_run
omni,python__mypy-15327,python/mypy,85e6719691ffe85be55492c948ce6c66cd3fd8a0,1.4,Python,False,28,11,False,not_run,not_run
omni,python__mypy-14677,python/mypy,99b04cac8b216bb426b1fab5a3ff447d1451c967,1.1,Python,False,29,11,False,not_run,not_run
omni,python__mypy-14186,python/mypy,a9024a801b2fe11f1e67ea62d55b22f4dc913076,1.0,Python,False,30,11,False,not_run,not_run
omni,python__mypy-14926,python/mypy,e07ccde05f5b6813b9770292cbff6967684994e3,1.2,Python,False,31,11,False,not_run,not_run
omni,python__mypy-11814,python/mypy,578898dabae9a6c91b8f1081630c91cbe7e6f5be,0.940,Python,False,32,11,False,not_run,not_run
omni,python__mypy-16080,python/mypy,49419835045b09c98b545171abb10384b6ecf6a9,1.7,Python,False,33,11,False,not_run,not_run
omni,python__mypy-12908,python/mypy,35b4d8a0279e91ef6cc0db126844ddcf263b161f,0.970,Python,False,34,11,False,not_run,not_run
omni,python__mypy-13015,python/mypy,5039c0fe44a7592b2fcb07cead49d921ecea211f,0.970,Python,False,35,11,False,not_run,not_run
omni,python__mypy-14064,python/mypy,a48dd5ad7ff820da7ea1e947008fff2865e2296a,1.0,Python,False,36,11,False,not_run,not_run
omni,python__mypy-15882,python/mypy,14418bc3d2c38b9ea776da6029e9d9dc6650b7ea,1.6,Python,False,37,11,False,not_run,not_run
omni,python__mypy-12303,python/mypy,226661f62f365102f5fd913b39b32ed3f12e208b,0.940,Python,False,38,11,False,not_run,not_run
omni,python__mypy-12943,python/mypy,9611e2d0b1d9130ca1591febdd60a3523cf739eb,0.970,Python,False,39,11,False,not_run,not_run
omni,python__mypy-14404,python/mypy,7efe8e5487804014ecf8cb9b6e08f7194f61f963,1.0,Python,False,40,11,False,not_run,not_run
omni,python__mypy-13531,python/mypy,a9bc366ae501ccced78a2746b6eac07b93d7b15e,0.980,Python,False,41,11,False,not_run,not_run
omni,python__mypy-13575,python/mypy,38eb6e8a05d201f0db94b62a69d5ee5ca68b3738,0.980,Python,False,42,11,False,not_run,not_run
omni,python__mypy-15449,python/mypy,4012c50382641aa4a15fcb7155f281469bc7a5fa,1.5,Python,False,43,11,False,not_run,not_run
omni,python__mypy-14021,python/mypy,807da2675bfdc7ec434f8d5677c13722a555e8da,1.0,Python,False,44,11,False,not_run,not_run
omni,python__mypy-15347,python/mypy,78339b97dc911c8c6841184eaddbbc30d0e406da,1.6,Python,False,45,11,False,not_run,not_run
omni,python__mypy-13605,python/mypy,130e1a4e6fc5b14fda625495e25abd177af61bbb,0.980,Python,False,46,11,False,not_run,not_run
omni,python__mypy-12938,python/mypy,9a35fdc94c71f6c427624b9b4d51f7495cbb97f9,0.970,Python,False,47,11,False,not_run,not_run
omni,python__mypy-10969,python/mypy,0fecec8c72605ec7bae343b28d545c477c726e81,0.950,Python,False,48,11,False,not_run,not_run
omni,python__mypy-11912,python/mypy,27d2c2212547f137ade8b2098902a8c80ca82f78,0.940,Python,False,49,11,False,not_run,not_run
omni,python__mypy-16061,python/mypy,ed9b8990025a81a12e32bec59f2f3bfab3d7c71b,1.7,Python,False,50,11,False,not_run,not_run
omni,python__mypy-12138,python/mypy,91357952db51a2d7f1c72dd5cc04f0fcb58c9248,0.950,Python,False,51,11,False,not_run,not_run
omni,python__mypy-15700,python/mypy,b6b6624655826985f75dfd970e2c29f7690ce323,1.6,Python,False,52,11,False,not_run,not_run
omni,python__mypy-12336,python/mypy,7ee84c71e851ce373d1824ecc09332caa373148c,0.950,Python,False,53,11,False,not_run,not_run
omni,python__mypy-13528,python/mypy,da56c974a57688f5c7989ef3abd86cd1d1608793,0.980,Python,False,54,11,False,not_run,not_run
omni,python__mypy-12548,python/mypy,222029b07e0fdcb3c174f15b61915b3b2e1665ca,0.950,Python,False,55,11,False,not_run,not_run
omni,python__mypy-14878,python/mypy,e45b53e857f2f89288f65245b7b3f9a9c18447bf,1.2,Python,False,56,11,False,not_run,not_run
omni,python__mypy-12607,python/mypy,0df8cf532918f888610a5afd7bb88192712de984,0.960,Python,False,57,11,False,not_run,not_run
omni,python__mypy-14007,python/mypy,796068d06a0ab171d22f7be555c28dfad57db433,1.0,Python,False,58,11,False,not_run,not_run
omni,python__mypy-12199,python/mypy,1de5e55fff22b023d54aa700d630befd162db20e,0.940,Python,False,59,11,False,not_run,not_run
omni,python__mypy-13963,python/mypy,40d04a5af0b658ae5ef6181c7f3d89a984fe3547,0.990,Python,False,60,11,False,not_run,not_run
omni,python__mypy-11972,python/mypy,6c1eb5b36b83ecf959a50100d282ca86186f470f,0.940,Python,False,61,11,False,not_run,not_run
omni,python__mypy-13892,python/mypy,b3d94dc3d834dd4916d568a00d344cc610deb687,0.990,Python,False,62,11,False,not_run,not_run
omni,python__mypy-15128,python/mypy,00f3913b314994b4b391a2813a839c094482b632,1.4,Python,False,63,11,False,not_run,not_run
omni,python__mypy-13602,python/mypy,2e326b2394b0af44c8023c6b7d153bff1c1b5c54,0.980,Python,False,64,11,False,not_run,not_run
omni,python__mypy-15506,python/mypy,2d8ad8ef240df262be80d9359e9f5892ea1f9ad3,1.5,Python,False,65,11,False,not_run,not_run
omni,python__mypy-11870,python/mypy,fe3b625224d0246c90c2a2bca6f293a4586642e9,0.940,Python,False,66,11,False,not_run,not_run
omni,python__mypy-13969,python/mypy,41c160231bb53cb9895044506c2b08aba692922b,0.990,Python,False,67,11,False,not_run,not_run
omni,python__mypy-15407,python/mypy,3cedd2725c9e8f6ec3dac5e72bf65bddbfccce4c,1.4,Python,False,68,11,False,not_run,not_run
omni,python__mypy-12745,python/mypy,03638dd670373db0b8f00cc3bcec256d09729d06,0.980,Python,False,69,11,False,not_run,not_run
omni,python__mypy-13526,python/mypy,74e1737fd5a726f9f6fc7363660550ee5abc5f14,0.980,Python,False,70,11,False,not_run,not_run
omni,python__mypy-15629,python/mypy,ebfea94c9f1dc081f8f3f0de9e78a5c83ff8af40,1.5,Python,False,71,11,False,not_run,not_run
omni,python__mypy-14104,python/mypy,77dd4b4df5b8bcd716352144feeb78862427f4dd,1.0,Python,False,72,11,False,not_run,not_run
omni,python__mypy-15159,python/mypy,6b1fc865902bf2b845d3c58b6b9973b5a412241f,1.4,Python,False,73,11,False,not_run,not_run
omni,python__mypy-11867,python/mypy,3d205764fff2ca792886d84d0a16791dfd33f077,0.940,Python,False,74,11,False,not_run,not_run
omni,python__mypy-11499,python/mypy,67855fab376c3c2d68bcf0940b242c9b71a98156,1.0,Python,False,75,11,False,not_run,not_run
omni,python__mypy-14569,python/mypy,90168b8396bf53f7573e8f0ca198ab33a855e3d2,1.0,Python,False,76,11,False,not_run,not_run
omni,python__mypy-15395,python/mypy,f54c3096b7d328dc59dd85af3a8ba28739dcfed0,1.4,Python,False,77,11,False,not_run,not_run
omni,python__mypy-15403,python/mypy,4baf672a8fe19bb78bcb99ec706e3aa0f7c8605c,1.4,Python,False,78,11,False,not_run,not_run
omni,python__mypy-14586,python/mypy,61d6cadf2f104a8100ec05c44d8fccb0636aacf8,1.0,Python,False,79,11,False,not_run,not_run
omni,python__mypy-11918,python/mypy,37886c74fe8b0a40e6427361f3dcb3a9d0d82751,0.940,Python,False,80,11,False,not_run,not_run
omni,python__mypy-14740,python/mypy,ed3a6c1c019a8098f65e768697f1048d1f97a4a1,1.1,Python,False,81,11,False,not_run,not_run
omni,python__mypy-12804,python/mypy,7bd6fdd326b6a06795edb46a5c74fc5cdeb87cc9,0.960,Python,False,82,11,False,not_run,not_run
omni,python__mypy-12853,python/mypy,c986e54124b967587fbc674029ebe503c75d3a60,0.970,Python,False,83,11,False,not_run,not_run
omni,python__mypy-14093,python/mypy,77dd4b4df5b8bcd716352144feeb78862427f4dd,1.0,Python,False,84,11,False,not_run,not_run
omni,python__mypy-15006,python/mypy,bf82b76a2ab2bfb29cab432d25b516e4907ac27e,1.3,Python,False,85,11,False,not_run,not_run
omni,python__mypy-14508,python/mypy,9bbb93cf69f81ea1fc33f223ff03cf2a1b604bc5,1.0,Python,False,86,11,False,not_run,not_run
omni,python__mypy-15392,python/mypy,fe0714acc7d890fe0331054065199097076f356e,1.4,Python,False,87,11,False,not_run,not_run
omni,python__mypy-12872,python/mypy,b55dcf534c07eb4d25bbbf7f5ba67f5edf5d0a92,0.970,Python,False,88,11,False,not_run,not_run
omni,python__mypy-14570,python/mypy,90168b8396bf53f7573e8f0ca198ab33a855e3d2,1.0,Python,False,89,11,False,not_run,not_run
omni,python__mypy-14885,python/mypy,70d4bb27a2733e43958dc5046befdc16ed297a5c,1.2,Python,False,90,11,False,not_run,not_run
omni,python__mypy-14701,python/mypy,a9051d26711905a01382587b1ab3ee7acdae090e,1.0,Python,False,91,11,False,not_run,not_run
omni,python__mypy-12558,python/mypy,ad177f99fd3322072e389a1a7432ee7b15c84472,0.960,Python,False,92,11,False,not_run,not_run
omni,python__mypy-13538,python/mypy,09b8b550abe3982726047cc0ed68a9b6fa91745c,0.980,Python,False,93,11,False,not_run,not_run
omni,python__mypy-13576,python/mypy,38eb6e8a05d201f0db94b62a69d5ee5ca68b3738,0.980,Python,False,94,11,False,not_run,not_run
omni,python__mypy-14486,python/mypy,8f4da0e6f07a15a1d4acae98a588796c8ad81fb6,1.0,Python,False,95,11,False,not_run,not_run
omni,python__mypy-13335,python/mypy,43476aabf73fbe885f1db49597735c797799fa67,0.980,Python,False,96,11,False,not_run,not_run
omni,python__mypy-14151,python/mypy,56e9396e681d779cbb593d82d21c1fae76c6f430,1.0,Python,False,97,11,False,not_run,not_run
omni,python__mypy-15366,python/mypy,21c5439dccfc6fc21f126200b95b0552f503d5da,1.4,Python,False,98,11,False,not_run,not_run
omni,python__mypy-15976,python/mypy,d7b24514d7301f86031b7d1e2215cf8c2476bec0,1.6,Python,False,99,11,False,not_run,not_run
omni,python__mypy-14675,python/mypy,99b04cac8b216bb426b1fab5a3ff447d1451c967,1.1,Python,False,100,11,False,not_run,not_run
omni,python__mypy-15491,python/mypy,7d031beb017450ac990c97e288d064290e3be55f,1.5,Python,False,101,11,False,not_run,not_run
omni,python__mypy-15920,python/mypy,2c1fd97986064161c542956bb3d9d5043dc0a480,1.6,Python,False,102,11,False,not_run,not_run
omni,python__mypy-12724,python/mypy,9f8b814fc5b3bb8daf0ef04aca3dfd1fb056bc8b,0.960,Python,False,103,11,False,not_run,not_run
omni,redis__redis-py-3264,redis/redis-py,e71119de095bb01201665d57a1dc63230aa0606e,5.0,Python,False,1,1,True,not_run,not_run
omni,redis__redis-py-2329,redis/redis-py,2cea637b2e936265d2001043d2b2d4e62559dc17,4.4,Python,False,2,1,False,not_run,not_run
omni,redis__redis-py-3265,redis/redis-py,0d47d6527a10fb70f8fcfdf8df69ae3b11ec92ef,5.1,Python,False,3,1,False,not_run,not_run
omni,redis__redis-py-3062,redis/redis-py,e13356db9220de1196ca3b7d10a2de623cc15b69,5.1,Python,False,4,1,False,not_run,not_run
omni,redis__redis-py-2732,redis/redis-py,bf528fc7f776ce8e926b2e9abfa4e2460d73baa4,4.5,Python,False,5,1,False,not_run,not_run
omni,redis__redis-py-1817,redis/redis-py,18c6809b761bc6755349e1d7e08e74e857ec2c65,4.1,Python,False,6,1,False,not_run,not_run
omni,redis__redis-py-2529,redis/redis-py,f06f3db647c81bc24fa9bdad33822ca6175c32eb,4.4,Python,False,7,1,False,not_run,not_run
omni,redis__redis-py-2745,redis/redis-py,3748a8b36d5c765f5d21c6d20b041fa1876021ae,4.5,Python,False,8,1,False,not_run,not_run
omni,statsmodels__statsmodels-8669,statsmodels/statsmodels,ef9cf3ad5bf73c84027421ff5595647f0fefb32b,0.13,Python,False,1,3,True,not_run,not_run
omni,statsmodels__statsmodels-9016,statsmodels/statsmodels,45a744de6c2d17bce6539d089d0f7426bc45630b,0.14,Python,False,2,3,True,not_run,not_run
omni,statsmodels__statsmodels-8137,statsmodels/statsmodels,59a553e8102257a1f6c7bcd42e5fd1abd94c1c51,0.13dev,Python,False,3,3,True,not_run,not_run
omni,statsmodels__statsmodels-7055,statsmodels/statsmodels,2322d3597a65c6be1f07b36bf15a4bc7c927213b,0.12,Python,False,4,3,False,not_run,not_run
omni,statsmodels__statsmodels-7713,statsmodels/statsmodels,9245093d15f2eca00c74cb45a68836948a8ff17a,0.12,Python,False,5,3,False,not_run,not_run
omni,statsmodels__statsmodels-6969,statsmodels/statsmodels,1c82e3ab6f35920c5d76f304931ef0cfe40ffeaf,0.12,Python,False,6,3,False,not_run,not_run
omni,statsmodels__statsmodels-9255,statsmodels/statsmodels,bf91082711ce95a5bbca557c4d9ab79afb990dbd,0.14,Python,False,7,3,False,not_run,not_run
omni,statsmodels__statsmodels-7748,statsmodels/statsmodels,f78148ec4423bb7b06873a41e7f2abcd6edb511c,0.13dev,Python,True,8,3,False,not_run,not_run
omni,statsmodels__statsmodels-9130,statsmodels/statsmodels,a0eca865c65ef9336c6403f8ff4bc29a1d3ec26b,0.14,Python,False,9,3,False,not_run,not_run
omni,statsmodels__statsmodels-7511,statsmodels/statsmodels,f8420a0a085354846092dd046ab2c49a83c649b3,0.12,Python,False,10,3,False,not_run,not_run
omni,statsmodels__statsmodels-7002,statsmodels/statsmodels,1e6b7c6ef6ad534adbd59a5efccaf8646d221146,0.12,Python,False,11,3,False,not_run,not_run
omni,statsmodels__statsmodels-7795,statsmodels/statsmodels,a5ec3cb3e1114e7b10540683b621fdc402382e85,0.13dev,Python,False,12,3,False,not_run,not_run
omni,statsmodels__statsmodels-7383,statsmodels/statsmodels,7d707cfc27a56c8449fdb47b6f37a9fc8b360ea1,0.12,Python,False,13,3,False,not_run,not_run
omni,statsmodels__statsmodels-7413,statsmodels/statsmodels,26dbb94299e5c12221b157ee5837691b6d24a755,0.12,Python,False,14,3,False,not_run,not_run
omni,statsmodels__statsmodels-9249,statsmodels/statsmodels,85fef91bdbde9c90be0055fb712459f6860861f8,0.14,Python,False,15,3,False,not_run,not_run
omni,statsmodels__statsmodels-7696,statsmodels/statsmodels,c98477a45cbeffc12e192184e5d47a2cb74536dc,0.12,Python,False,16,3,False,not_run,not_run
omni,statsmodels__statsmodels-7791,statsmodels/statsmodels,a5ec3cb3e1114e7b10540683b621fdc402382e85,0.13dev,Python,False,17,3,False,not_run,not_run
omni,statsmodels__statsmodels-8567,statsmodels/statsmodels,8fb709818984e9ddade22b72f9ed5cea561c38f2,0.13,Python,False,18,3,False,not_run,not_run
omni,statsmodels__statsmodels-8093,statsmodels/statsmodels,2891644b53920fa2a1b451ff659ecfa90c2727c5,0.13dev,Python,False,19,3,False,not_run,not_run
omni,statsmodels__statsmodels-8801,statsmodels/statsmodels,c967ca06d96b3314891b81b6839ebad5730a540f,0.14,Python,False,20,3,False,not_run,not_run
omni,statsmodels__statsmodels-7668,statsmodels/statsmodels,b05b9df816a7d0e4adba791543eaa1d2525bb7c3,0.12,Python,False,21,3,False,not_run,not_run
omni,statsmodels__statsmodels-9280,statsmodels/statsmodels,52edda81159e557dd845cc97a8a9324915c69792,0.14,Python,False,22,3,False,not_run,not_run
omni,statsmodels__statsmodels-8664,statsmodels/statsmodels,e144c6a8b8de3ee17e814bbb8962cdb890b66901,0.13,Python,False,23,3,False,not_run,not_run
omni,statsmodels__statsmodels-7228,statsmodels/statsmodels,a058516c5f1517a03877cf77f158370c7d1a9d39,0.12,Python,False,24,3,False,not_run,not_run
omni,statsmodels__statsmodels-7380,statsmodels/statsmodels,48bb953ff16f0230a84e24d8bcc1a1e1b82ed5a0,0.12,Python,False,25,3,False,not_run,not_run
omni,statsmodels__statsmodels-7017,statsmodels/statsmodels,b37e7d9931a6fa93142f6e6e3a281b0d3ca46abe,0.12,Python,False,26,3,False,not_run,not_run
omni,statsmodels__statsmodels-7250,statsmodels/statsmodels,66dc957159f375d5c101f085b421a88a4c8e1c38,0.12,Python,True,27,3,False,not_run,not_run
omni,statsmodels__statsmodels-8674,statsmodels/statsmodels,d4fee3c81029f10d24c9b021e5df01c5f0a445dd,0.13,Python,False,28,3,False,not_run,not_run
omni,statsmodels__statsmodels-8735,statsmodels/statsmodels,a948e8dee9e99a08f249f67ca2ac5df68fea835b,0.13,Python,False,29,3,False,not_run,not_run
omni,statsmodels__statsmodels-7757,statsmodels/statsmodels,e741f3b22302199121090822353f20d794a02148,0.13dev,Python,True,30,3,False,not_run,not_run
omni,statsmodels__statsmodels-8828,statsmodels/statsmodels,3e739c26729e2c844394f5918846e2897ad0f871,0.14,Python,False,31,3,False,not_run,not_run
omni,tailwindlabs__tailwindcss-7789,tailwindlabs/tailwindcss,c6097d59fcd3b4a176188327adee488c562ecb8f,3.0,TypeScript,True,1,6,True,not_run,not_run
omni,tailwindlabs__tailwindcss-8222,tailwindlabs/tailwindcss,3989f77dd3fa5765f818e7b24bc52d95504a2e0c,3.0,TypeScript,False,2,6,True,not_run,not_run
omni,tailwindlabs__tailwindcss-9008,tailwindlabs/tailwindcss,0b5bfc8065e928caa7cf11a7bac37fda10411b6f,3.1,TypeScript,False,3,6,True,not_run,not_run
omni,tailwindlabs__tailwindcss-4272,tailwindlabs/tailwindcss,76c670fc2913eb03a340a015d30d3db53cca9c22,2.1,TypeScript,False,4,6,True,not_run,not_run
omni,tailwindlabs__tailwindcss-12105,tailwindlabs/tailwindcss,61dc99f4adbebdbcfeb899f3bcd64167b49d758c,3.3,TypeScript,False,5,6,True,not_run,not_run
omni,tailwindlabs__tailwindcss-8831,tailwindlabs/tailwindcss,b4e637e2e096a9d6f2210efba9541f6fd4f28e56,3.1,TypeScript,False,6,6,True,not_run,not_run
omni,tailwindlabs__tailwindcss-7565,tailwindlabs/tailwindcss,af64d7190c1e3b4ed765c7464f99b6aec5d5bac2,3.0,TypeScript,False,7,6,False,not_run,not_run
omni,tailwindlabs__tailwindcss-7588,tailwindlabs/tailwindcss,d72b277ba6696fc28c3bf92d84de0f451ea1e360,3.0,TypeScript,True,8,6,False,not_run,not_run
omni,tailwindlabs__tailwindcss-7664,tailwindlabs/tailwindcss,bd167635d5ea3866ebcae2fd390393befd730558,3.0,TypeScript,False,9,6,False,not_run,not_run
omni,tailwindlabs__tailwindcss-11454,tailwindlabs/tailwindcss,6722e78b35c70ac4b1bd4060f9cda9019f326241,3.3,TypeScript,False,10,6,False,not_run,not_run
omni,tailwindlabs__tailwindcss-8201,tailwindlabs/tailwindcss,1cc1ace14260f13ba97123c35aeb826edf8cca08,3.0,TypeScript,False,11,6,False,not_run,not_run
omni,tailwindlabs__tailwindcss-5470,tailwindlabs/tailwindcss,30badadd211594ccc83c686e3f4c1f06a7e107c9,2.2,TypeScript,False,12,6,False,not_run,not_run
omni,tailwindlabs__tailwindcss-8489,tailwindlabs/tailwindcss,fca70850b2985c0c8add440522f9f2da68c13392,3.0,TypeScript,False,13,6,False,not_run,not_run
omni,tailwindlabs__tailwindcss-9309,tailwindlabs/tailwindcss,cc1be47a4fa2de74bc63b0b123f335271ec1bc68,3.1,TypeScript,False,14,6,False,not_run,not_run
omni,tailwindlabs__tailwindcss-8622,tailwindlabs/tailwindcss,22eaad17c33583b841d2086a9386dd5c1770061c,3.1,TypeScript,False,15,6,False,not_run,not_run
omni,tailwindlabs__tailwindcss-11470,tailwindlabs/tailwindcss,eae2b7a3f4f3a2981614a580a9f5534b9ffe0586,3.3,TypeScript,False,16,6,False,not_run,not_run
omni,tailwindlabs__tailwindcss-10214,tailwindlabs/tailwindcss,2b885ef2525988758761cc3535383d8d1dc260bf,3.2,TypeScript,True,17,6,False,not_run,not_run
omni,tailwindlabs__tailwindcss-7291,tailwindlabs/tailwindcss,cd8f109981ed64ec78fb70b3091153f45931ff27,3.0,TypeScript,False,18,6,False,not_run,not_run
omni,tailwindlabs__tailwindcss-9107,tailwindlabs/tailwindcss,b0018e20bf250a2e4df1f39f73e763662538e524,3.1,TypeScript,False,19,6,False,not_run,not_run
omni,tailwindlabs__tailwindcss-10601,tailwindlabs/tailwindcss,66c640b73599e36c6087644d3b2c231cc17b37ff,3.2,TypeScript,False,20,6,False,not_run,not_run
omni,tailwindlabs__tailwindcss-7163,tailwindlabs/tailwindcss,10103d8bafdb401da417fd13b19dd426f612340f,3.0,TypeScript,False,21,6,False,not_run,not_run
omni,tailwindlabs__tailwindcss-9319,tailwindlabs/tailwindcss,527031d5f679a958a7d0de045a057a1e32db2985,3.1,TypeScript,False,22,6,False,not_run,not_run
omni,tailwindlabs__tailwindcss-4335,tailwindlabs/tailwindcss,87a4516871fbe8eb5a188fa9774a99a5d43e38b6,2.1,TypeScript,False,23,6,False,not_run,not_run
omni,tailwindlabs__tailwindcss-6469,tailwindlabs/tailwindcss,4b2482ff3550ec7ca74561f8ae84d4d826cca762,3.0,TypeScript,True,24,6,False,not_run,not_run
omni,tailwindlabs__tailwindcss-9208,tailwindlabs/tailwindcss,da850424dcdf011acda795b52c87cbd28628c943,3.1,TypeScript,False,25,6,False,not_run,not_run
omni,tailwindlabs__tailwindcss-10288,tailwindlabs/tailwindcss,b05918ab75370bfbecb3d556fec8846cbd285f0d,3.2,TypeScript,False,26,6,False,not_run,not_run
omni,tailwindlabs__tailwindcss-8448,tailwindlabs/tailwindcss,c4e443acc093d8980bf476f14255b793c5065b9a,3.0,TypeScript,False,27,6,False,not_run,not_run
omni,tailwindlabs__tailwindcss-7478,tailwindlabs/tailwindcss,db475be6ddf087ff96cc326e891ac125d4f9e4e8,3.0,TypeScript,False,28,6,False,not_run,not_run
omni,tailwindlabs__tailwindcss-9070,tailwindlabs/tailwindcss,21849031bd673de84f58a8fa3170162640e2ac2c,3.1,TypeScript,False,29,6,False,not_run,not_run
omni,tailwindlabs__tailwindcss-12515,tailwindlabs/tailwindcss,b2b37e04e4d861901bb76781d34faa638a251a35,3.3,TypeScript,False,30,6,False,not_run,not_run
omni,tailwindlabs__tailwindcss-10276,tailwindlabs/tailwindcss,7b3de616e9c26211c605d2378b9ceb4888a8cfa1,3.2,TypeScript,False,31,6,False,not_run,not_run
omni,tailwindlabs__tailwindcss-9262,tailwindlabs/tailwindcss,09f38d296434a9b73ccfbdba6c7ebf1438727832,3.1,TypeScript,False,32,6,False,not_run,not_run
omni,tailwindlabs__tailwindcss-8204,tailwindlabs/tailwindcss,bb0ab6744b6aaaad4d070341a03429be14975b53,3.0,TypeScript,False,33,6,False,not_run,not_run
omni,tailwindlabs__tailwindcss-6938,tailwindlabs/tailwindcss,9c72add3b717d7f540f63579d0a934bfd40f0491,3.0,TypeScript,False,34,6,False,not_run,not_run
omni,tailwindlabs__tailwindcss-11157,tailwindlabs/tailwindcss,cdca9cbcfe331b54ca4df80bc720f8cd78e303a0,3.3,TypeScript,False,35,6,False,not_run,not_run
omni,tailwindlabs__tailwindcss-5223,tailwindlabs/tailwindcss,ca6900dc35cedc6410226b4b2e8901852c6f44be,2.2,TypeScript,False,36,6,False,not_run,not_run
omni,tailwindlabs__tailwindcss-12639,tailwindlabs/tailwindcss,a091db5df4651fde85fcf917b11fdaa210b79623,3.3,TypeScript,False,37,6,False,not_run,not_run
omni,tailwindlabs__tailwindcss-4214,tailwindlabs/tailwindcss,e764df5055b7e4a1f2edb72d38b76b338d0e2f13,2.1,TypeScript,False,38,6,False,not_run,not_run
omni,tailwindlabs__tailwindcss-13826,tailwindlabs/tailwindcss,ff6f085da2afe4149ab2791b8b6b74836dbbba9f,3.4,TypeScript,False,39,6,False,not_run,not_run
omni,tailwindlabs__tailwindcss-6369,tailwindlabs/tailwindcss,08241c3f7547e5e5c86e2de312add172fb9d5da8,3.0,TypeScript,False,40,6,False,not_run,not_run
omni,tailwindlabs__tailwindcss-13740,tailwindlabs/tailwindcss,f1f419a9ecfcd00a2001ee96ab252739fca47564,3.4,TypeScript,False,41,6,False,not_run,not_run
omni,tailwindlabs__tailwindcss-7479,tailwindlabs/tailwindcss,b94d565eb6f61635babd59873cda40e845217ffb,3.0,TypeScript,False,42,6,False,not_run,not_run
omni,tailwindlabs__tailwindcss-8563,tailwindlabs/tailwindcss,9a5db88e54e47ec1812200f544c3e8aa317a79d5,3.1,TypeScript,False,43,6,False,not_run,not_run
omni,tailwindlabs__tailwindcss-8608,tailwindlabs/tailwindcss,a9c7e52a59d9532974891a53ff0dc1fe25c5ae94,3.1,TypeScript,True,44,6,False,not_run,not_run
omni,tailwindlabs__tailwindcss-10400,tailwindlabs/tailwindcss,667eac5e8845e3928055351e747606fa8864603f,3.2,TypeScript,False,45,6,False,not_run,not_run
omni,tailwindlabs__tailwindcss-4260,tailwindlabs/tailwindcss,2d9e2d9318b371e49e904fd67b00d48f707a2ebe,2.1,TypeScript,True,46,6,False,not_run,not_run
omni,tailwindlabs__tailwindcss-3850,tailwindlabs/tailwindcss,23b71a9a36b9327683d4548d654434ee4c2482f5,2.1,TypeScript,False,47,6,False,not_run,not_run
omni,tailwindlabs__tailwindcss-6546,tailwindlabs/tailwindcss,4a5ba3779e9bb4ce726488e9b624bd73521e79e9,3.0,TypeScript,False,48,6,False,not_run,not_run
omni,tailwindlabs__tailwindcss-8262,tailwindlabs/tailwindcss,7c337f24fcdedb7b8adc6d25a030dbcdd8181ca1,3.0,TypeScript,False,49,6,False,not_run,not_run
omni,tailwindlabs__tailwindcss-8773,tailwindlabs/tailwindcss,5191ec1c006dfd6ac911e53d30f12993fe4eb586,3.1,TypeScript,False,50,6,False,not_run,not_run
omni,tailwindlabs__tailwindcss-8971,tailwindlabs/tailwindcss,da268f63e63d2f166950ec77fa76cc088f8d83b4,3.1,TypeScript,False,51,6,False,not_run,not_run
omni,tailwindlabs__tailwindcss-5252,tailwindlabs/tailwindcss,d13b0e1085f2e526b8c5b49371b9e1b11d29b472,2.2,TypeScript,False,52,6,False,not_run,not_run
omni,tailwindlabs__tailwindcss-7295,tailwindlabs/tailwindcss,ab9fd951dd7617442bb38f9fd52541cf1ddeceec,3.0,TypeScript,False,53,6,False,not_run,not_run
omni,tqdm__tqdm-850,tqdm/tqdm,81065068901665949fa90b82e9ee60198fb11980,4.40,Python,False,1,2,True,not_run,not_run
omni,tqdm__tqdm-592,tqdm/tqdm,625a7dcd8e9e27bee012627e689573bcda8aadf1,4.24,Python,False,2,2,True,not_run,not_run
omni,tqdm__tqdm-537,tqdm/tqdm,a4b9c86db548b2d0dbb5af7a6bbdc26ab47e1eec,4.22,Python,True,3,2,False,not_run,not_run
omni,tqdm__tqdm-535,tqdm/tqdm,a4b9c86db548b2d0dbb5af7a6bbdc26ab47e1eec,4.22,Python,True,4,2,False,not_run,not_run
omni,tqdm__tqdm-822,tqdm/tqdm,1b1ec3e3abc798b6d4a01426657acc89d01137f6,4.36,Python,True,5,2,False,not_run,not_run
omni,tqdm__tqdm-834,tqdm/tqdm,91494ccf363e5eeb4745db7dbab70ef73c4a6eb0,4.36,Python,True,6,2,False,not_run,not_run
omni,tqdm__tqdm-597,tqdm/tqdm,a2514e8ec0e5f71803cc392f9d696674e893ee01,4.25,Python,False,7,2,False,not_run,not_run
omni,tqdm__tqdm-570,tqdm/tqdm,a2514e8ec0e5f71803cc392f9d696674e893ee01,4.25,Python,False,8,2,False,not_run,not_run
omni,tqdm__tqdm-617,tqdm/tqdm,350640d3171a568fb3f22d64d898e154541acc56,4.28,Python,False,9,2,False,not_run,not_run
omni,tqdm__tqdm-1041,tqdm/tqdm,3f7e8e9642388e73cabca34c975b9c005bc6d8b3,4.49,Python,True,10,2,False,not_run,not_run
omni,tqdm__tqdm-1040,tqdm/tqdm,e835860982dac417ddb351452544d6e07baeb5b8,4.49,Python,True,11,2,False,not_run,not_run
omni,tqdm__tqdm-227,tqdm/tqdm,cd9be03c3ee2a7e14d3e2c90976c092de17265f9,4.30,Python,False,12,2,False,not_run,not_run
omni,tqdm__tqdm-524,tqdm/tqdm,c2286160b918d0eefbc3909575f5b79c88793787,4.19,Python,True,13,2,False,not_run,not_run
omni,tqdm__tqdm-292,tqdm/tqdm,a4b9c86db548b2d0dbb5af7a6bbdc26ab47e1eec,4.22,Python,False,14,2,False,not_run,not_run
omni,tqdm__tqdm-863,tqdm/tqdm,42761473f9edf276937cc3a28a6fcabc59f5f97d,4.40,Python,False,15,2,False,not_run,not_run
omni,webpack__webpack-15746,webpack/webpack,1132eb3f38cc5d3365646e06022aef64b8015c61,5.73,JavaScript,False,1,4,True,not_run,not_run
omni,webpack__webpack-15608,webpack/webpack,e51f8347026588c90f9bd91681597e97f24f40c9,5.78,JavaScript,False,2,4,True,not_run,not_run
omni,webpack__webpack-17137,webpack/webpack,ba56e05b24014bb513eab95f4fa37c751212e0a9,5.82,JavaScript,False,3,4,True,not_run,not_run
omni,webpack__webpack-18059,webpack/webpack,51f0f0aeac072f989f8d40247f6c23a1995c5c37,5.90,JavaScript,False,4,4,True,not_run,not_run
omni,webpack__webpack-17718,webpack/webpack,1f13ff9fe587e094df59d660b4611b1bd19aed4c,5.88,JavaScript,False,5,4,False,not_run,not_run
omni,webpack__webpack-15196,webpack/webpack,10b38b37263c8788cee9403a9ff583fd8fe6cdcc,5.66,JavaScript,False,6,4,False,not_run,not_run
omni,webpack__webpack-17203,webpack/webpack,e0cd9288a1f4a3e2c844ae0c3f9f99f41003b28d,5.84,JavaScript,False,7,4,False,not_run,not_run
omni,webpack__webpack-17595,webpack/webpack,853bfda35a0080605c09e1bdeb0103bcb9367a10,5.88,JavaScript,False,8,4,False,not_run,not_run
omni,webpack__webpack-15404,webpack/webpack,9d21401151b32abcefad0ffdb3238da91e2089ef,5.69,JavaScript,False,9,4,False,not_run,not_run
omni,webpack__webpack-18069,webpack/webpack,2a063f88da046377ee4eac1e57fc2ea9966e55c8,5.90,JavaScript,False,10,4,False,not_run,not_run
omni,webpack__webpack-16789,webpack/webpack,c98e9e001441b165c7ed4845700839730b505833,5.75,JavaScript,False,11,4,False,not_run,not_run
omni,webpack__webpack-14884,webpack/webpack,f07a3b82327f4f7894500595f6619c7880eb31a7,5.64,JavaScript,False,12,4,False,not_run,not_run
omni,webpack__webpack-15426,webpack/webpack,dfdc8b133d3d49371251e29efeefb9d31b982c9e,5.69,JavaScript,False,13,4,False,not_run,not_run
omni,webpack__webpack-15437,webpack/webpack,4abf353fbc6e702cf1768e8bbbeafe38ced33df7,5.69,JavaScript,False,14,4,False,not_run,not_run
omni,webpack__webpack-17308,webpack/webpack,6104d28dddece1d9da6859f8ae094eb52fb613ee,5.85,JavaScript,False,15,4,False,not_run,not_run
omni,webpack__webpack-14782,webpack/webpack,0065223c4ddac3bf872bc8d660ef1e9a63afa080,5.64,JavaScript,True,16,4,False,not_run,not_run
omni,webpack__webpack-15289,webpack/webpack,4bc61504b2f2d11e08615d8dc670c55aed4f9841,5.68,JavaScript,False,17,4,False,not_run,not_run
omni,webpack__webpack-18194,webpack/webpack,a48c34b34d2d6c44f9b2b221d7baf278d34ac0be,5.90,JavaScript,False,18,4,False,not_run,not_run
omni,webpack__webpack-18095,webpack/webpack,eaa685e1310e2abc882adc269e9fd6e264bf3f06,5.90,JavaScript,False,19,4,False,not_run,not_run
omni,webpack__webpack-14757,webpack/webpack,46e8639a6a1f5288e2f43229f39fc21aecb3c5e8,5.67,JavaScript,False,20,4,False,not_run,not_run
omni,webpack__webpack-15436,webpack/webpack,4abf353fbc6e702cf1768e8bbbeafe38ced33df7,5.69,JavaScript,False,21,4,False,not_run,not_run
omni,webpack__webpack-15802,webpack/webpack,3ad4fcac25a976277f2d9cceb37bc81602e96b13,5.72,JavaScript,False,22,4,False,not_run,not_run
omni,webpack__webpack-15145,webpack/webpack,016ec7bcdb14cb6fbef9c72623fb1a9fbb850bae,5.65,JavaScript,False,23,4,False,not_run,not_run
omni,webpack__webpack-15585,webpack/webpack,86a8bd9618c4677e94612ff7cbdf69affeba1268,5.70,JavaScript,False,24,4,False,not_run,not_run
omni,webpack__webpack-15435,webpack/webpack,4abf353fbc6e702cf1768e8bbbeafe38ced33df7,5.69,JavaScript,False,25,4,False,not_run,not_run
omni,webpack__webpack-15405,webpack/webpack,4abf353fbc6e702cf1768e8bbbeafe38ced33df7,5.69,JavaScript,False,26,4,False,not_run,not_run
omni,webpack__webpack-16685,webpack/webpack,4b4ca3bb53f36a5b8fc6bc1bd976ed7af161bd80,5.75,JavaScript,False,27,4,False,not_run,not_run
omni,webpack__webpack-15454,webpack/webpack,bb0fdc9191e14b5d683ba6fa879cfa176756ae03,5.69,JavaScript,True,28,4,False,not_run,not_run
omni,webpack__webpack-17231,webpack/webpack,fe20b525d41e86f00f8ea0eb1310eb8f83dabb35,5.83,JavaScript,False,29,4,False,not_run,not_run
omni,webpack__webpack-17307,webpack/webpack,6104d28dddece1d9da6859f8ae094eb52fb613ee,5.85,JavaScript,False,30,4,False,not_run,not_run
omni,webpack__webpack-16577,webpack/webpack,f921a5baca9c7d200eee8204fafaaaf36b7c1451,5.86,JavaScript,False,31,4,False,not_run,not_run
omni,webpack__webpack-15293,webpack/webpack,4bc61504b2f2d11e08615d8dc670c55aed4f9841,5.68,JavaScript,False,32,4,False,not_run,not_run
omni,webpack__webpack-14725,webpack/webpack,81f6c5b61cac5b8b5fdab1316933b0b824b1afcb,5.64,JavaScript,False,33,4,False,not_run,not_run
omni,webpack__webpack-18009,webpack/webpack,2953d23a87d89b3bd07cf73336ee34731196c62e,5.90,JavaScript,False,34,4,False,not_run,not_run
omni,webpack__webpack-15801,webpack/webpack,3ad4fcac25a976277f2d9cceb37bc81602e96b13,5.72,JavaScript,False,35,4,False,not_run,not_run
omni,webpack__webpack-18319,webpack/webpack,e97af9b5317bc0e7fdbc035b98a577edfe258b83,5.91,JavaScript,False,36,4,False,not_run,not_run
omni,webpack__webpack-14777,webpack/webpack,eee5ffc08d80f6506bbdca420bed416086c5a37b,5.64,JavaScript,False,37,4,False,not_run,not_run
omni,webpack__webpack-16703,webpack/webpack,b67626c7b4ffed8737d195b27c8cea1e68d58134,5.75,JavaScript,False,38,4,False,not_run,not_run
omni,webpack__webpack-15379,webpack/webpack,89c92bf0d348e963b687a8c4c124d3c87f36af0a,5.68,JavaScript,False,39,4,False,not_run,not_run
